original_question,rewrite_attempt,reason,source,ID,Category,Question,Option A,Option B,Option C,Option D,Correct Answer
Did the Eagles defense blitz at all in Super Bowl LIX?,,Could not auto-rewrite,.kiro/specs/vortex-arena-map/nfl_trivia_500_questions.csv,259,Game Statistics,Did the Eagles defense blitz at all in Super Bowl LIX?,No,Yes,Once,Multiple times,No
Did the 2024 NFL season have more upsets than normal?,,Could not auto-rewrite,.kiro/specs/vortex-arena-map/nfl_trivia_500_questions.csv,267,Team Victories & Streaks,Did the 2024 NFL season have more upsets than normal?,No,Yes,About average,Fewer,No
Did the Detroit Lions' #1 seed help them in playoffs?,,Could not auto-rewrite,.kiro/specs/vortex-arena-map/nfl_trivia_500_questions.csv,270,Team Victories & Streaks,Did the Detroit Lions' #1 seed help them in playoffs?,No,Yes,Didn't matter,Too early,No
Was Shedeur Sanders drafted in the first round in 2025?,,Contains Yes/No options,.kiro/specs/vortex-arena-map/nfl_trivia_500_questions.csv,289,Notable Performances,Was Shedeur Sanders drafted in the first round in 2025?,No,Yes,Pending,Undrafted,No
Did Sean Payton coach the Eagles in 2024?,,Could not auto-rewrite,.kiro/specs/vortex-arena-map/nfl_trivia_500_questions.csv,293,Coaching Performance,Did Sean Payton coach the Eagles in 2024?,No,Yes,Retired,Interim,No
Did the Lions have a new head coach in 2024?,,Could not auto-rewrite,.kiro/specs/vortex-arena-map/nfl_trivia_500_questions.csv,295,Coaching Performance,Did the Lions have a new head coach in 2024?,No,Yes,Interim,Recently,No
Did Dan Campbell take a new job in 2025?,,Could not auto-rewrite,.kiro/specs/vortex-arena-map/nfl_trivia_500_questions.csv,297,Coaching Performance,Did Dan Campbell take a new job in 2025?,No,Yes,Interim,Recently,No
Does Josh Allen have adequate receiving weapons?,,Could not auto-rewrite,.kiro/specs/vortex-arena-map/nfl_trivia_500_questions.csv,301,Offensive Weapons,Does Josh Allen have adequate receiving weapons?,Yes,No,Some,Getting better,Yes
Does Patrick Mahomes have great receiving weapons?,,Could not auto-rewrite,.kiro/specs/vortex-arena-map/nfl_trivia_500_questions.csv,305,Offensive Weapons,Does Patrick Mahomes have great receiving weapons?,Yes,No,Some,Lost some,Yes
Does Lamar Jackson have great receiving options?,,Could not auto-rewrite,.kiro/specs/vortex-arena-map/nfl_trivia_500_questions.csv,307,Offensive Weapons,Does Lamar Jackson have great receiving options?,Yes,No,Some,Limited,Yes
Does Jalen Hurts have elite receiving weapons?,,Could not auto-rewrite,.kiro/specs/vortex-arena-map/nfl_trivia_500_questions.csv,309,Offensive Weapons,Does Jalen Hurts have elite receiving weapons?,Yes,No,Some,Recently added,Yes
Did the Eagles defense blitz in Super Bowl LIX?,,Could not auto-rewrite,.kiro/specs/vortex-arena-map/nfl_trivia_500_questions.csv,313,Defensive Excellence,Did the Eagles defense blitz in Super Bowl LIX?,No,Yes,Limited,Few times,No
Is Jayden Daniels a future Hall of Famer?,,Could not auto-rewrite,.kiro/specs/vortex-arena-map/nfl_trivia_500_questions.csv,330,Individual Records & Milestones,Is Jayden Daniels a future Hall of Famer?,Possible,No,Too early,Likely,Possible
Was it Cooper DeJean's 22nd birthday?,,Could not auto-rewrite,.kiro/specs/vortex-arena-map/nfl_trivia_500_questions.csv,333,Fan Favorites & Highlights,Was it Cooper DeJean's 22nd birthday?,Yes,No,21st,23rd,Yes
Did the Eagles hire a new head coach in 2025?,,Could not auto-rewrite,.kiro/specs/vortex-arena-map/nfl_trivia_500_questions.csv,351,2025 Offseason Moves,Did the Eagles hire a new head coach in 2025?,No,Yes,Promoted interim,From outside,No
Did the Chiefs make major roster changes in 2025?,,Could not auto-rewrite,.kiro/specs/vortex-arena-map/nfl_trivia_500_questions.csv,352,2025 Offseason Moves,Did the Chiefs make major roster changes in 2025?,No,Yes,Some,Minor,No
Did the Bills make significant trades in 2025?,,Could not auto-rewrite,.kiro/specs/vortex-arena-map/nfl_trivia_500_questions.csv,353,2025 Offseason Moves,Did the Bills make significant trades in 2025?,No,Yes,Some,Pending,No
Did the Lions make any significant acquisitions?,,Could not auto-rewrite,.kiro/specs/vortex-arena-map/nfl_trivia_500_questions.csv,355,2025 Offseason Moves,Did the Lions make any significant acquisitions?,No,Yes,Some,Pending,No
Did the Vikings make any significant roster moves?,,Could not auto-rewrite,.kiro/specs/vortex-arena-map/nfl_trivia_500_questions.csv,356,2025 Offseason Moves,Did the Vikings make any significant roster moves?,No,Yes,Some,Pending,No
Did the Chargers hire Jim Harbaugh in 2024?,,Contains Yes/No options,.kiro/specs/vortex-arena-map/nfl_trivia_500_questions.csv,357,2025 Offseason Moves,Did the Chargers hire Jim Harbaugh in 2024?,Yes,No,2023,Pending,Yes
Did any division have all teams above .500?,,Could not auto-rewrite,.kiro/specs/vortex-arena-map/nfl_trivia_500_questions.csv,375,Conference Standings,Did any division have all teams above .500?,No,Yes,Some,One,No
Did the NFC South have any dominant teams?,,Could not auto-rewrite,.kiro/specs/vortex-arena-map/nfl_trivia_500_questions.csv,379,Conference Standings,Did the NFC South have any dominant teams?,No,Yes,One,Emerging,No
Did Eric Dickerson break his record recently?,,Could not auto-rewrite,.kiro/specs/vortex-arena-map/nfl_trivia_500_questions.csv,387,Special Teams & Other Stats,Did Eric Dickerson break his record recently?,No,Yes,1984,Still stands,No
Did Jalen Hurts win a national championship in college?,,Could not auto-rewrite,.kiro/specs/vortex-arena-map/nfl_trivia_500_questions.csv,399,Trivia & Fun Facts,Did Jalen Hurts win a national championship in college?,No,Yes,Made final four,Close,No
Did Drake Maye attend UNC?,,Contains Yes/No options,.kiro/specs/vortex-arena-map/nfl_trivia_500_questions.csv,406,Notable Draft Picks,Did Drake Maye attend UNC?,Yes,No,Harvard,Yale,Yes
Was Drake Maye a successful Patriots draft pick?,,Could not auto-rewrite,.kiro/specs/vortex-arena-map/nfl_trivia_500_questions.csv,407,Notable Draft Picks,Was Drake Maye a successful Patriots draft pick?,Developing,No,Yes,Too early,Developing
Did any defensive back win MVP in recent years?,,Could not auto-rewrite,.kiro/specs/vortex-arena-map/nfl_trivia_500_questions.csv,416,Statistical Leaders Continued,Did any defensive back win MVP in recent years?,No,Yes,Not since 1980s,Pending,No
Did any linebacker win MVP in recent years?,,Could not auto-rewrite,.kiro/specs/vortex-arena-map/nfl_trivia_500_questions.csv,417,Statistical Leaders Continued,Did any linebacker win MVP in recent years?,No,Yes,Not since 2000s,Pending,No
Did the #1 seed in the AFC have an easy path to the Super Bowl?,,Could not auto-rewrite,.kiro/specs/vortex-arena-map/nfl_trivia_500_questions.csv,421,Playoff Seeding Analysis,Did the #1 seed in the AFC have an easy path to the Super Bowl?,No,Yes,Average,Moderate,No
Did the #1 seed in the NFC make it to the Super Bowl?,,Could not auto-rewrite,.kiro/specs/vortex-arena-map/nfl_trivia_500_questions.csv,422,Playoff Seeding Analysis,Did the #1 seed in the NFC make it to the Super Bowl?,No,Yes,Lost earlier,Barely,No
Was the Lions' loss a major upset?,,Could not auto-rewrite,.kiro/specs/vortex-arena-map/nfl_trivia_500_questions.csv,424,Playoff Seeding Analysis,Was the Lions' loss a major upset?,No,Yes,Unexpected,Surprising,No
Has a #2 seed ever made the Super Bowl?,,Could not auto-rewrite,.kiro/specs/vortex-arena-map/nfl_trivia_500_questions.csv,427,Playoff Seeding Analysis,Has a #2 seed ever made the Super Bowl?,Yes,No,Rarely,Once,Yes
Did the Bills have a favorable playoff path?,,Could not auto-rewrite,.kiro/specs/vortex-arena-map/nfl_trivia_500_questions.csv,428,Playoff Seeding Analysis,Did the Bills have a favorable playoff path?,No,Yes,Average,Tough,No
Were there any major injuries during Super Bowl LIX?,,Could not auto-rewrite,.kiro/specs/vortex-arena-map/nfl_trivia_500_questions.csv,431,Injury & Health Updates,Were there any major injuries during Super Bowl LIX?,No,Yes,Minor,Some,No
Did Josh Allen have any injuries in 2024?,,Could not auto-rewrite,.kiro/specs/vortex-arena-map/nfl_trivia_500_questions.csv,433,Injury & Health Updates,Did Josh Allen have any injuries in 2024?,No,Yes,Minor,Shoulder,No
Did Lamar Jackson have any injuries in 2024?,,Could not auto-rewrite,.kiro/specs/vortex-arena-map/nfl_trivia_500_questions.csv,434,Injury & Health Updates,Did Lamar Jackson have any injuries in 2024?,No,Yes,Minor,Knee,No
Did Jalen Hurts have any injuries in 2024?,,Could not auto-rewrite,.kiro/specs/vortex-arena-map/nfl_trivia_500_questions.csv,435,Injury & Health Updates,Did Jalen Hurts have any injuries in 2024?,No,Yes,Minor,Shoulder,No
Did Saquon Barkley have any injuries in 2024?,,Could not auto-rewrite,.kiro/specs/vortex-arena-map/nfl_trivia_500_questions.csv,436,Injury & Health Updates,Did Saquon Barkley have any injuries in 2024?,No,Yes,Minor,Ankle,No
Have the Eagles had success in recent years?,,Could not auto-rewrite,.kiro/specs/vortex-arena-map/nfl_trivia_500_questions.csv,460,Franchise Records & Milestones,Have the Eagles had success in recent years?,Yes,No,Mixed,Inconsistent,Yes
Did any division have all playoff-quality teams?,,Could not auto-rewrite,.kiro/specs/vortex-arena-map/nfl_trivia_500_questions.csv,463,Competitive Balance,Did any division have all playoff-quality teams?,No,Yes,One did,NFC North,No
Was 2024 a competitive NFL season?,,Could not auto-rewrite,.kiro/specs/vortex-arena-map/nfl_trivia_500_questions.csv,464,Competitive Balance,Was 2024 a competitive NFL season?,Yes,No,Somewhat,Very much,Yes
Did the playoff bracket have major surprises?,,Could not auto-rewrite,.kiro/specs/vortex-arena-map/nfl_trivia_500_questions.csv,465,Competitive Balance,Did the playoff bracket have major surprises?,No,Yes,Some,Few,No
Was the Super Bowl matchup expected?,,Could not auto-rewrite,.kiro/specs/vortex-arena-map/nfl_trivia_500_questions.csv,466,Competitive Balance,Was the Super Bowl matchup expected?,Yes,No,Somewhat,Partially,Yes
Was there competitive parity in 2024?,,Could not auto-rewrite,.kiro/specs/vortex-arena-map/nfl_trivia_500_questions.csv,469,Competitive Balance,Was there competitive parity in 2024?,Yes,No,Some,Limited,Yes
Does ESPN have exclusive Monday Night Football?,,Could not auto-rewrite,.kiro/specs/vortex-arena-map/nfl_trivia_500_questions.csv,474,Media & Broadcasting,Does ESPN have exclusive Monday Night Football?,Yes,No,Shares,Partial,Yes
Do streaming services carry NFL games?,,Could not auto-rewrite,.kiro/specs/vortex-arena-map/nfl_trivia_500_questions.csv,476,Media & Broadcasting,Do streaming services carry NFL games?,Yes,No,Some,Limited,Yes
Are Super Bowls always the most-watched sporting event in the US?,,Could not auto-rewrite,.kiro/specs/vortex-arena-map/nfl_trivia_500_questions.csv,479,Media & Broadcasting,Are Super Bowls always the most-watched sporting event in the US?,Usually,No,Sometimes,Always,Usually
Will the Eagles-Chiefs Super Bowl have lasting impact?,,Could not auto-rewrite,.kiro/specs/vortex-arena-map/nfl_trivia_500_questions.csv,480,Media & Broadcasting,Will the Eagles-Chiefs Super Bowl have lasting impact?,Yes,No,Some,Minimal,Yes
Were there any major rule changes in 2024?,,Could not auto-rewrite,.kiro/specs/vortex-arena-map/nfl_trivia_500_questions.csv,481,Rule Changes & Officiating,Were there any major rule changes in 2024?,No,Yes,Some minor,Pending,No
Is pass interference still a reviewable call?,,Could not auto-rewrite,.kiro/specs/vortex-arena-map/nfl_trivia_500_questions.csv,483,Rule Changes & Officiating,Is pass interference still a reviewable call?,Limited,Yes,No,Rarely,Limited
Can defensive pass interference be challenged?,,Could not auto-rewrite,.kiro/specs/vortex-arena-map/nfl_trivia_500_questions.csv,484,Rule Changes & Officiating,Can defensive pass interference be challenged?,No,Yes,Limited,On offense,Limited
Are there kickoff rule changes?,,Could not auto-rewrite,.kiro/specs/vortex-arena-map/nfl_trivia_500_questions.csv,485,Rule Changes & Officiating,Are there kickoff rule changes?,Yes,No,Recently changed,Under review,Yes
Is the NFL considering playoff expansion?,,Could not auto-rewrite,.kiro/specs/vortex-arena-map/nfl_trivia_500_questions.csv,489,Rule Changes & Officiating,Is the NFL considering playoff expansion?,No,Yes,Under review,Pending,No
Do rookies have more impact now than historically?,,Could not auto-rewrite,.kiro/specs/vortex-arena-map/nfl_trivia_500_questions.csv,499,Youth & Rookie Development,Do rookies have more impact now than historically?,Yes,No,Same,Less,Yes
Did the Chiefs overcome a deficit in Super Bowl LIV?,,Contains Yes/No options,.kiro/specs/vortex-arena-map/nfl_trivia_500_questions_part2.csv,505,Super Bowl LIV 2020,Did the Chiefs overcome a deficit in Super Bowl LIV?,Yes,No,Led entire game,Never trailed,Yes
Was this the first time a team won at home?,,Contains Yes/No options,.kiro/specs/vortex-arena-map/nfl_trivia_500_questions_part2.csv,520,Super Bowl LV 2021,Was this the first time a team won at home?,No,Yes,Second time,Rare,No
Did Super Bowl LVIII go to overtime?,,Contains Yes/No options,.kiro/specs/vortex-arena-map/nfl_trivia_500_questions_part2.csv,542,Super Bowl LVIII 2024,Did Super Bowl LVIII go to overtime?,Yes,No,Double OT,Triple OT,Yes
Is 121.5 the second-highest passer rating in NFL history?,,Could not auto-rewrite,.kiro/specs/vortex-arena-map/nfl_trivia_500_questions_part2.csv,558,2020 NFL Season,Is 121.5 the second-highest passer rating in NFL history?,Yes,No,Tied,Not even top 5,Yes
Did Tom Brady win the MVP in 2021?,,Could not auto-rewrite,.kiro/specs/vortex-arena-map/nfl_trivia_500_questions_part2.csv,561,2021 NFL Season,Did Tom Brady win the MVP in 2021?,No,Yes,Shared,Runner-up,No
Did Tom Brady play in his first Super Bowl with Tampa Bay?,,Could not auto-rewrite,.kiro/specs/vortex-arena-map/nfl_trivia_500_questions_part2.csv,567,2021 NFL Season,Did Tom Brady play in his first Super Bowl with Tampa Bay?,Yes,No,Not yet,Already won,No
Was 2022 Patrick Mahomes' second MVP?,,Could not auto-rewrite,.kiro/specs/vortex-arena-map/nfl_trivia_500_questions_part2.csv,576,2022 NFL Season,Was 2022 Patrick Mahomes' second MVP?,Yes,No,Third,First,Yes
Did the Chiefs make it to Super Bowl LVI after 2022?,,Could not auto-rewrite,.kiro/specs/vortex-arena-map/nfl_trivia_500_questions_part2.csv,580,2022 NFL Season,Did the Chiefs make it to Super Bowl LVI after 2022?,No,Yes,Lost earlier,Missed playoffs,No
Was 2023 Lamar Jackson's first unanimous MVP?,,Could not auto-rewrite,.kiro/specs/vortex-arena-map/nfl_trivia_500_questions_part2.csv,587,2023 NFL Season MVP,Was 2023 Lamar Jackson's first unanimous MVP?,No,Yes,Nearly unanimous,Second unanimous,No
Did Tom Brady unretire?,,Contains Yes/No options,.kiro/specs/vortex-arena-map/nfl_trivia_500_questions_part2.csv,606,Tom Brady Career Stats,Did Tom Brady unretire?,Yes,No,Partially,Briefly,Yes
Is Patrick Mahomes a first-team All-Pro?,,Could not auto-rewrite,.kiro/specs/vortex-arena-map/nfl_trivia_500_questions_part2.csv,620,Patrick Mahomes Career,Is Patrick Mahomes a first-team All-Pro?,Yes,No,Multiple times,Once,Yes
Is Lamar Jackson known as a dual-threat QB?,,Could not auto-rewrite,.kiro/specs/vortex-arena-map/nfl_trivia_500_questions_part2.csv,628,Lamar Jackson Career,Is Lamar Jackson known as a dual-threat QB?,Yes,No,Mostly passer,Mostly rusher,Yes
Is Christian McCaffrey in the Pro Bowl?,,Could not auto-rewrite,.kiro/specs/vortex-arena-map/nfl_trivia_500_questions_part2.csv,639,Christian McCaffrey Career,Is Christian McCaffrey in the Pro Bowl?,Yes,No,Multiple times,Once,Yes
Is Tyreek Hill known for his speed?,,Could not auto-rewrite,.kiro/specs/vortex-arena-map/nfl_trivia_500_questions_part2.csv,648,Tyreek Hill Career,Is Tyreek Hill known for his speed?,Yes,No,Somewhat,Not really,Yes
Is 122.5 the highest passer rating ever?,,Could not auto-rewrite,.kiro/specs/vortex-arena-map/nfl_trivia_500_questions_part2.csv,653,Aaron Rodgers Career Continued,Is 122.5 the highest passer rating ever?,Yes,No,Tied,Not even top 5,Yes
Did Bryce Young go 1st overall in 2023?,,Could not auto-rewrite,.kiro/specs/vortex-arena-map/nfl_trivia_500_questions_part2.csv,664,2020-2023 Draft Highlights,Did Bryce Young go 1st overall in 2023?,No,Yes,Second pick,Third pick,No
Did C.J. Stroud go in the top 5 in 2023?,,Contains Yes/No options,.kiro/specs/vortex-arena-map/nfl_trivia_500_questions_part2.csv,666,2020-2023 Draft Highlights,Did C.J. Stroud go in the top 5 in 2023?,Yes,No,Exactly 5th,6th,Yes
Did Anthony Richardson go in the top 5 in 2023?,,Contains Yes/No options,.kiro/specs/vortex-arena-map/nfl_trivia_500_questions_part2.csv,668,2020-2023 Draft Highlights,Did Anthony Richardson go in the top 5 in 2023?,Yes,No,4th overall,6th,Yes
Did any team go undefeated in 2020-2023?,,Could not auto-rewrite,.kiro/specs/vortex-arena-map/nfl_trivia_500_questions_part2.csv,680,2020-2023 Season Records,Did any team go undefeated in 2020-2023?,No,Yes,Close to it,Almost,No
Did Cooper Kupp win the receiving title in 2021?,,Could not auto-rewrite,.kiro/specs/vortex-arena-map/nfl_trivia_500_questions_part2.csv,699,Receiving Leaders 2020-2023,Did Cooper Kupp win the receiving title in 2021?,No,Yes,Close,Second place,No
Did the Tampa Bay Buccaneers face the Green Bay Packers in 2020?,,Contains Yes/No options,.kiro/specs/vortex-arena-map/nfl_trivia_500_questions_part2.csv,701,Notable Playoff Moments 2020-2023,Did the Tampa Bay Buccaneers face the Green Bay Packers in 2020?,Yes,No,Lost earlier,In Super Bowl,Yes
Did the Green Bay Packers win in 2021 playoffs?,,Could not auto-rewrite,.kiro/specs/vortex-arena-map/nfl_trivia_500_questions_part2.csv,705,Notable Playoff Moments 2020-2023,Did the Green Bay Packers win in 2021 playoffs?,No,Yes,Made Super Bowl,Won Super Bowl,No
Did the San Francisco 49ers make it to Super Bowl LVI?,,Could not auto-rewrite,.kiro/specs/vortex-arena-map/nfl_trivia_500_questions_part2.csv,706,Notable Playoff Moments 2020-2023,Did the San Francisco 49ers make it to Super Bowl LVI?,No,Yes,Lost earlier,Wild card,No
Did any other player reach 600 career TDs through 2023?,,Could not auto-rewrite,.kiro/specs/vortex-arena-map/nfl_trivia_500_questions_part2.csv,713,Individual Milestone Records,Did any other player reach 600 career TDs through 2023?,No,Yes,One did,Two did,No
Did Dan Marino ever win a Super Bowl?,,Could not auto-rewrite,.kiro/specs/vortex-arena-map/nfl_trivia_500_questions_part2.csv,748,Hall of Fame & Awards 2020-2023,Did Dan Marino ever win a Super Bowl?,No,Yes,Once,Twice,No
Is Dan Marino in the Hall of Fame?,,Could not auto-rewrite,.kiro/specs/vortex-arena-map/nfl_trivia_500_questions_part2.csv,749,Hall of Fame & Awards 2020-2023,Is Dan Marino in the Hall of Fame?,Yes,No,Eligible,Not yet,Yes
Did Mike Evans lead the league in receiving yards in 2020?,,Could not auto-rewrite,.kiro/specs/vortex-arena-map/nfl_trivia_500_questions_part2.csv,755,Offensive Legends 2020-2023,Did Mike Evans lead the league in receiving yards in 2020?,No,Yes,Second place,Close,No
Did Rob Gronkowski catch passes in 2020?,,Could not auto-rewrite,.kiro/specs/vortex-arena-map/nfl_trivia_500_questions_part2.csv,757,Offensive Legends 2020-2023,Did Rob Gronkowski catch passes in 2020?,Yes,No,Injured,Retired,No
Did Rashaad White have a good 2023 season?,,Could not auto-rewrite,.kiro/specs/vortex-arena-map/nfl_trivia_500_questions_part2.csv,767,Running Backs 2020-2023,Did Rashaad White have a good 2023 season?,Yes,No,Injured,Traded,No
Did D'Andre Swift lead the league in rushing yards in 2023?,,Could not auto-rewrite,.kiro/specs/vortex-arena-map/nfl_trivia_500_questions_part2.csv,768,Running Backs 2020-2023,Did D'Andre Swift lead the league in rushing yards in 2023?,No,Yes,Second place,Top 5,No
Did Stephon Gilmore win DPOY in 2023?,,Could not auto-rewrite,.kiro/specs/vortex-arena-map/nfl_trivia_500_questions_part2.csv,776,Defensive Backs 2020-2023,Did Stephon Gilmore win DPOY in 2023?,No,Yes,Runner-up,Not eligible,No
Did Aaron Donald play in 2023?,,Could not auto-rewrite,.kiro/specs/vortex-arena-map/nfl_trivia_500_questions_part2.csv,781,Defensive Line 2020-2023,Did Aaron Donald play in 2023?,No,Yes,Retired,Released,No
Did Chris Jones win DPOY?,,Could not auto-rewrite,.kiro/specs/vortex-arena-map/nfl_trivia_500_questions_part2.csv,786,Defensive Line 2020-2023,Did Chris Jones win DPOY?,No,Yes,Runner-up,Not eligible,No
Did J.J. Watt play in 2023?,,Could not auto-rewrite,.kiro/specs/vortex-arena-map/nfl_trivia_500_questions_part2.csv,788,Defensive Line 2020-2023,Did J.J. Watt play in 2023?,No,Yes,Limited,Injured,No
Did Bobby Wagner lead the league in tackles?,,Could not auto-rewrite,.kiro/specs/vortex-arena-map/nfl_trivia_500_questions_part2.csv,793,Linebackers 2020-2023,Did Bobby Wagner lead the league in tackles?,Yes,No,Close,Multiple years,No
Did Lavonte David win any awards in 2020-2023?,,Could not auto-rewrite,.kiro/specs/vortex-arena-map/nfl_trivia_500_questions_part2.csv,797,Linebackers 2020-2023,Did Lavonte David win any awards in 2020-2023?,No,Yes,Pro Bowl,All-Pro,No
Did Harrison Butker win any awards in 2021-2023?,,Could not auto-rewrite,.kiro/specs/vortex-arena-map/nfl_trivia_500_questions_part2.csv,801,Special Teams & Kickers 2020-2023,Did Harrison Butker win any awards in 2021-2023?,No,Yes,Pro Bowl,All-Pro,No
Is Justin Tucker in the Hall of Fame?,,Could not auto-rewrite,.kiro/specs/vortex-arena-map/nfl_trivia_500_questions_part2.csv,806,Special Teams & Kickers 2020-2023,Is Justin Tucker in the Hall of Fame?,No,Yes,Eligible,Retired,No
Did Greg Joseph win any awards?,,Could not auto-rewrite,.kiro/specs/vortex-arena-map/nfl_trivia_500_questions_part2.csv,809,Special Teams & Kickers 2020-2023,Did Greg Joseph win any awards?,No,Yes,Pro Bowl,All-Pro,No
Did Bruce Arians coach the Buccaneers in 2020-2021?,,Contains Yes/No options,.kiro/specs/vortex-arena-map/nfl_trivia_500_questions_part2.csv,811,Coaching Changes 2020-2023,Did Bruce Arians coach the Buccaneers in 2020-2021?,Yes,No,Partial,Not entire,Yes
Did Sean Payton coach the Broncos?,,Contains Yes/No options,.kiro/specs/vortex-arena-map/nfl_trivia_500_questions_part2.csv,815,Coaching Changes 2020-2023,Did Sean Payton coach the Broncos?,Yes,No,Later,Not yet,Yes
Did Jeff Saturday coach the Colts?,,Contains Yes/No options,.kiro/specs/vortex-arena-map/nfl_trivia_500_questions_part2.csv,817,Coaching Changes 2020-2023,Did Jeff Saturday coach the Colts?,Yes,No,Interim,Briefly,Yes
Did the Colts have success under Jeff Saturday?,,Could not auto-rewrite,.kiro/specs/vortex-arena-map/nfl_trivia_500_questions_part2.csv,818,Coaching Changes 2020-2023,Did the Colts have success under Jeff Saturday?,No,Yes,Minor,Some games,No
Did Jim Harbaugh coach the Chargers?,,Contains Yes/No options,.kiro/specs/vortex-arena-map/nfl_trivia_500_questions_part2.csv,819,Coaching Changes 2020-2023,Did Jim Harbaugh coach the Chargers?,Yes,No,Later,Almost,Yes
Did the Carolina Panthers have a turnaround?,,Could not auto-rewrite,.kiro/specs/vortex-arena-map/nfl_trivia_500_questions_part2.csv,823,Team Turnarounds,Did the Carolina Panthers have a turnaround?,No,Yes,2022,2021,No
Did Doug Pederson coach the Jaguars?,,Contains Yes/No options,.kiro/specs/vortex-arena-map/nfl_trivia_500_questions_part2.csv,825,Team Turnarounds,Did Doug Pederson coach the Jaguars?,Yes,No,Later,Almost,Yes
Did the Indianapolis Colts improve in 2023?,,Could not auto-rewrite,.kiro/specs/vortex-arena-map/nfl_trivia_500_questions_part2.csv,827,Team Turnarounds,Did the Indianapolis Colts improve in 2023?,No,Yes,Minor,Slightly,No
Did the Tennessee Titans decline in 2023?,,Contains Yes/No options,.kiro/specs/vortex-arena-map/nfl_trivia_500_questions_part2.csv,828,Team Turnarounds,Did the Tennessee Titans decline in 2023?,Yes,No,Slightly,Somewhat,Yes
Did Mike Vrabel coach the Titans?,,Contains Yes/No options,.kiro/specs/vortex-arena-map/nfl_trivia_500_questions_part2.csv,829,Team Turnarounds,Did Mike Vrabel coach the Titans?,Yes,No,Previously,Will coach,Yes
Did the Titans make the playoffs in 2023?,,Could not auto-rewrite,.kiro/specs/vortex-arena-map/nfl_trivia_500_questions_part2.csv,830,Team Turnarounds,Did the Titans make the playoffs in 2023?,No,Yes,Wild card,Close,No
Did the Buccaneers dominate in Super Bowl LV?,,Contains Yes/No options,.kiro/specs/vortex-arena-map/nfl_trivia_500_questions_part2.csv,833,Comebacks & Close Games,Did the Buccaneers dominate in Super Bowl LV?,Yes,No,Close game,Tied,Yes
Was Super Bowl LVI close?,,Could not auto-rewrite,.kiro/specs/vortex-arena-map/nfl_trivia_500_questions_part2.csv,834,Comebacks & Close Games,Was Super Bowl LVI close?,Yes,No,Very close,Blowout,Yes
Was Super Bowl LVII close?,,Could not auto-rewrite,.kiro/specs/vortex-arena-map/nfl_trivia_500_questions_part2.csv,836,Comebacks & Close Games,Was Super Bowl LVII close?,Yes,No,Very close,Blowout,Yes
Was Super Bowl LVIII close?,,Could not auto-rewrite,.kiro/specs/vortex-arena-map/nfl_trivia_500_questions_part2.csv,838,Comebacks & Close Games,Was Super Bowl LVIII close?,Yes,No,Very close,Blowout,Yes
Did the Buccaneers play as a wild card in 2020?,,Could not auto-rewrite,.kiro/specs/vortex-arena-map/nfl_trivia_500_questions_part2.csv,852,Playoff History 2020-2023,Did the Buccaneers play as a wild card in 2020?,No,Yes,Division winner,1 seed,No
Did the Ravens win the AFC North in 2021?,,Could not auto-rewrite,.kiro/specs/vortex-arena-map/nfl_trivia_500_questions_part2.csv,854,Playoff History 2020-2023,Did the Ravens win the AFC North in 2021?,No,Yes,Wild card,Missed,No
Did the Cowboys win the NFC East in 2022?,,Could not auto-rewrite,.kiro/specs/vortex-arena-map/nfl_trivia_500_questions_part2.csv,856,Playoff History 2020-2023,Did the Cowboys win the NFC East in 2022?,No,Yes,Wild card,Missed,No
Was Lamar Jackson a unanimous MVP in 2019?,,Could not auto-rewrite,.kiro/specs/vortex-arena-map/nfl_trivia_500_questions_part2.csv,871,Unanimous Picks & MVPs,Was Lamar Jackson a unanimous MVP in 2019?,Yes,No,Nearly,Close,Yes
Was Aaron Rodgers unanimous MVP in 2020?,,Could not auto-rewrite,.kiro/specs/vortex-arena-map/nfl_trivia_500_questions_part2.csv,872,Unanimous Picks & MVPs,Was Aaron Rodgers unanimous MVP in 2020?,No,Yes,Nearly,Close,No
Was Tom Brady unanimous MVP in 2021?,,Could not auto-rewrite,.kiro/specs/vortex-arena-map/nfl_trivia_500_questions_part2.csv,873,Unanimous Picks & MVPs,Was Tom Brady unanimous MVP in 2021?,No,Yes,Nearly,Close,No
Was Patrick Mahomes unanimous MVP in 2022?,,Could not auto-rewrite,.kiro/specs/vortex-arena-map/nfl_trivia_500_questions_part2.csv,874,Unanimous Picks & MVPs,Was Patrick Mahomes unanimous MVP in 2022?,No,Yes,Nearly,Close,No
Was Lamar Jackson nearly unanimous in 2023?,,Could not auto-rewrite,.kiro/specs/vortex-arena-map/nfl_trivia_500_questions_part2.csv,875,Unanimous Picks & MVPs,Was Lamar Jackson nearly unanimous in 2023?,Yes,No,One vote,Tied,Yes
Did Josh Allen ever win MVP?,,Could not auto-rewrite,.kiro/specs/vortex-arena-map/nfl_trivia_500_questions_part2.csv,877,Unanimous Picks & MVPs,Did Josh Allen ever win MVP?,No,Yes,2019,2023,No
Did Jalen Hurts ever win MVP?,,Could not auto-rewrite,.kiro/specs/vortex-arena-map/nfl_trivia_500_questions_part2.csv,878,Unanimous Picks & MVPs,Did Jalen Hurts ever win MVP?,No,Yes,2022,Close,No
Has any QB won back-to-back MVPs recently?,,Could not auto-rewrite,.kiro/specs/vortex-arena-map/nfl_trivia_500_questions_part2.csv,879,Unanimous Picks & MVPs,Has any QB won back-to-back MVPs recently?,No,Yes,Different positions,Rare,No
Did Lamar Jackson win back-to-back MVPs?,,Could not auto-rewrite,.kiro/specs/vortex-arena-map/nfl_trivia_500_questions_part2.csv,880,Unanimous Picks & MVPs,Did Lamar Jackson win back-to-back MVPs?,No,Yes,2019 & 2024,Different years,No
Did Alvin Kamara stay healthy?,,Could not auto-rewrite,.kiro/specs/vortex-arena-map/nfl_trivia_500_questions_part2.csv,884,Injury-Impacted Seasons,Did Alvin Kamara stay healthy?,No,Yes,Missed games,Mostly,No
Did Josh Allen stay healthy?,,Contains Yes/No options,.kiro/specs/vortex-arena-map/nfl_trivia_500_questions_part2.csv,889,Injury-Impacted Seasons,Did Josh Allen stay healthy?,Yes,No,Minor issues,Some games,Yes
Did Antonio Brown finish the 2020 season?,,Could not auto-rewrite,.kiro/specs/vortex-arena-map/nfl_trivia_500_questions_part2.csv,894,Notable Transactions & Signings,Did Antonio Brown finish the 2020 season?,No,Yes,Mid-game quit,Released,No
Did the 49ers acquire Elijah Mitchell?,,Contains Yes/No options,.kiro/specs/vortex-arena-map/nfl_trivia_500_questions_part2.csv,899,Notable Transactions & Signings,Did the 49ers acquire Elijah Mitchell?,Yes,No,Traded for,Draft,Yes
Did the Eagles add aggressive trades in 2023?,,Could not auto-rewrite,.kiro/specs/vortex-arena-map/nfl_trivia_500_questions_part2.csv,900,Notable Transactions & Signings,Did the Eagles add aggressive trades in 2023?,No,Yes,One trade,Minor,No
